Service Directory,Package,Status,Owned by SDK team,CI,CI Link,CI Build Number,Live Tests,Live Tests Link,Live Tests Build Number,SLA - Questions,SLA - Bugs,Total Customer-reported Issues,SLA - Questions Link,SLA - Bugs Link,Total Customer-reported Issues Link
web-pubsub,@azure/web-pubsub-express,GOOD,NO,succeeded,https://dev.azure.com/azure-sdk/590cfd2a-581c-4dcb-a12e-6568ce786175/_build/results?buildId=5309957,20250908.1,UNKNOWN,,,0,1,2,https://github.com/Azure/azure-sdk-for-js/issues?q=is%3Aopen+is%3Aissue+label%3Acustomer-reported+label%3AClient+-label%3Aissue-addressed+-label%3Abug+-label%3Aneeds-author-feedback+-label%3Afeature-request+label%3A%22WebPubSub%22+created%3A%3C2025-06-11,https://github.com/Azure/azure-sdk-for-js/issues?q=is%3Aopen+is%3Aissue+label%3Acustomer-reported+label%3AClient+-label%3Aissue-addressed+-label%3Aquestion+-label%3Aneeds-author-feedback+-label%3Afeature-request+label%3A%22WebPubSub%22+created%3A%3C2025-06-11,https://github.com/Azure/azure-sdk-for-js/issues?q=is%3Aopen+is%3Aissue+label%3Acustomer-reported+label%3AClient+label%3A%22WebPubSub%22
web-pubsub,@azure/web-pubsub-client-protobuf,GOOD,NO,succeeded,https://dev.azure.com/azure-sdk/590cfd2a-581c-4dcb-a12e-6568ce786175/_build/results?buildId=5309957,20250908.1,UNKNOWN,,,0,1,2,https://github.com/Azure/azure-sdk-for-js/issues?q=is%3Aopen+is%3Aissue+label%3Acustomer-reported+label%3AClient+-label%3Aissue-addressed+-label%3Abug+-label%3Aneeds-author-feedback+-label%3Afeature-request+label%3A%22WebPubSub%22+created%3A%3C2025-06-11,https://github.com/Azure/azure-sdk-for-js/issues?q=is%3Aopen+is%3Aissue+label%3Acustomer-reported+label%3AClient+-label%3Aissue-addressed+-label%3Aquestion+-label%3Aneeds-author-feedback+-label%3Afeature-request+label%3A%22WebPubSub%22+created%3A%3C2025-06-11,https://github.com/Azure/azure-sdk-for-js/issues?q=is%3Aopen+is%3Aissue+label%3Acustomer-reported+label%3AClient+label%3A%22WebPubSub%22
web-pubsub,@azure/web-pubsub-client,GOOD,NO,succeeded,https://dev.azure.com/azure-sdk/590cfd2a-581c-4dcb-a12e-6568ce786175/_build/results?buildId=5309957,20250908.1,UNKNOWN,,,0,1,2,https://github.com/Azure/azure-sdk-for-js/issues?q=is%3Aopen+is%3Aissue+label%3Acustomer-reported+label%3AClient+-label%3Aissue-addressed+-label%3Abug+-label%3Aneeds-author-feedback+-label%3Afeature-request+label%3A%22WebPubSub%22+created%3A%3C2025-06-11,https://github.com/Azure/azure-sdk-for-js/issues?q=is%3Aopen+is%3Aissue+label%3Acustomer-reported+label%3AClient+-label%3Aissue-addressed+-label%3Aquestion+-label%3Aneeds-author-feedback+-label%3Afeature-request+label%3A%22WebPubSub%22+created%3A%3C2025-06-11,https://github.com/Azure/azure-sdk-for-js/issues?q=is%3Aopen+is%3Aissue+label%3Acustomer-reported+label%3AClient+label%3A%22WebPubSub%22
web-pubsub,@azure/web-pubsub,GOOD,NO,succeeded,https://dev.azure.com/azure-sdk/590cfd2a-581c-4dcb-a12e-6568ce786175/_build/results?buildId=5309957,20250908.1,succeeded,https://dev.azure.com/azure-sdk/590cfd2a-581c-4dcb-a12e-6568ce786175/_build/results?buildId=5311099,20250908.1,0,1,2,https://github.com/Azure/azure-sdk-for-js/issues?q=is%3Aopen+is%3Aissue+label%3Acustomer-reported+label%3AClient+-label%3Aissue-addressed+-label%3Abug+-label%3Aneeds-author-feedback+-label%3Afeature-request+label%3A%22WebPubSub%22+created%3A%3C2025-06-11,https://github.com/Azure/azure-sdk-for-js/issues?q=is%3Aopen+is%3Aissue+label%3Acustomer-reported+label%3AClient+-label%3Aissue-addressed+-label%3Aquestion+-label%3Aneeds-author-feedback+-label%3Afeature-request+label%3A%22WebPubSub%22+created%3A%3C2025-06-11,https://github.com/Azure/azure-sdk-for-js/issues?q=is%3Aopen+is%3Aissue+label%3Acustomer-reported+label%3AClient+label%3A%22WebPubSub%22
vision,@azure-rest/ai-vision-image-analysis,GOOD,NO,succeeded,https://dev.azure.com/azure-sdk/590cfd2a-581c-4dcb-a12e-6568ce786175/_build/results?buildId=5278095,20250829.1,UNKNOWN,,,0,0,0,,,
translation,@azure-rest/ai-translation-text,GOOD,NO,succeeded,https://dev.azure.com/azure-sdk/590cfd2a-581c-4dcb-a12e-6568ce786175/_build/results?buildId=5307017,20250908.1,failed,https://dev.azure.com/azure-sdk/590cfd2a-581c-4dcb-a12e-6568ce786175/_build/results?buildId=5307218,20250908.1,0,0,0,,,
translation,@azure-rest/ai-translation-document,GOOD,NO,succeeded,https://dev.azure.com/azure-sdk/590cfd2a-581c-4dcb-a12e-6568ce786175/_build/results?buildId=5307017,20250908.1,succeeded,https://dev.azure.com/azure-sdk/590cfd2a-581c-4dcb-a12e-6568ce786175/_build/results?buildId=5308134,20250908.1,1,1,2,https://github.com/Azure/azure-sdk-for-js/issues?q=is%3Aopen+is%3Aissue+label%3Acustomer-reported+label%3AClient+-label%3Aissue-addressed+-label%3Abug+-label%3Aneeds-author-feedback+-label%3Afeature-request+label%3A%22Cognitive+- Translator%22+created%3A%3C2025-08-10,https://github.com/Azure/azure-sdk-for-js/issues?q=is%3Aopen+is%3Aissue+label%3Acustomer-reported+label%3AClient+-label%3Aissue-addressed+-label%3Aquestion+-label%3Aneeds-author-feedback+-label%3Afeature-request+label%3A%22Cognitive+- Translator%22+created%3A%3C2025-08-10,https://github.com/Azure/azure-sdk-for-js/issues?q=is%3Aopen+is%3Aissue+label%3Acustomer-reported+label%3AClient+label%3A%22Cognitive%20- Translator%22
textanalytics,@azure/ai-text-analytics,GOOD,NO,succeeded,https://dev.azure.com/azure-sdk/590cfd2a-581c-4dcb-a12e-6568ce786175/_build/results?buildId=5308918,20250908.1,succeeded,https://dev.azure.com/azure-sdk/590cfd2a-581c-4dcb-a12e-6568ce786175/_build/results?buildId=5310356,20250908.1,1,0,1,https://github.com/Azure/azure-sdk-for-js/issues?q=is%3Aopen+is%3Aissue+label%3Acustomer-reported+label%3AClient+-label%3Aissue-addressed+-label%3Abug+-label%3Aneeds-author-feedback+-label%3Afeature-request+label%3A%22Cognitive+- Text Analytics%22+created%3A%3C2025-08-10,https://github.com/Azure/azure-sdk-for-js/issues?q=is%3Aopen+is%3Aissue+label%3Acustomer-reported+label%3AClient+-label%3Aissue-addressed+-label%3Aquestion+-label%3Aneeds-author-feedback+-label%3Afeature-request+label%3A%22Cognitive+- Text Analytics%22+created%3A%3C2025-08-10,https://github.com/Azure/azure-sdk-for-js/issues?q=is%3Aopen+is%3Aissue+label%3Acustomer-reported+label%3AClient+label%3A%22Cognitive%20- Text Analytics%22
template,@azure/template-dpg,GOOD,YES,succeeded,https://dev.azure.com/azure-sdk/590cfd2a-581c-4dcb-a12e-6568ce786175/_build/results?buildId=5309293,20250908.2,UNKNOWN,,,0,0,0,,,
template,@azure/template,GOOD,YES,succeeded,https://dev.azure.com/azure-sdk/590cfd2a-581c-4dcb-a12e-6568ce786175/_build/results?buildId=5309293,20250908.2,succeeded,https://dev.azure.com/azure-sdk/590cfd2a-581c-4dcb-a12e-6568ce786175/_build/results?buildId=5306914,20250908.1,0,0,0,,,
tables,@azure/data-tables,GOOD,YES,succeeded,https://dev.azure.com/azure-sdk/590cfd2a-581c-4dcb-a12e-6568ce786175/_build/results?buildId=5308587,20250908.1,succeeded,https://dev.azure.com/azure-sdk/590cfd2a-581c-4dcb-a12e-6568ce786175/_build/results?buildId=5308815,20250908.1,2,0,2,https://github.com/Azure/azure-sdk-for-js/issues?q=is%3Aopen+is%3Aissue+label%3Acustomer-reported+label%3AClient+-label%3Aissue-addressed+-label%3Abug+-label%3Aneeds-author-feedback+-label%3Afeature-request+label%3A%22Tables%22+created%3A%3C2025-08-10,https://github.com/Azure/azure-sdk-for-js/issues?q=is%3Aopen+is%3Aissue+label%3Acustomer-reported+label%3AClient+-label%3Aissue-addressed+-label%3Aquestion+-label%3Aneeds-author-feedback+-label%3Afeature-request+label%3A%22Tables%22+created%3A%3C2025-08-10,https://github.com/Azure/azure-sdk-for-js/issues?q=is%3Aopen+is%3Aissue+label%3Acustomer-reported+label%3AClient+label%3A%22Tables%22
synapse,@azure/synapse-spark,GOOD,NO,succeeded,https://dev.azure.com/azure-sdk/590cfd2a-581c-4dcb-a12e-6568ce786175/_build/results?buildId=5308055,20250908.1,UNKNOWN,,,0,0,0,,,
synapse,@azure/synapse-monitoring,GOOD,NO,succeeded,https://dev.azure.com/azure-sdk/590cfd2a-581c-4dcb-a12e-6568ce786175/_build/results?buildId=5308055,20250908.1,UNKNOWN,,,0,0,0,,,
synapse,@azure/synapse-managed-private-endpoints,GOOD,NO,succeeded,https://dev.azure.com/azure-sdk/590cfd2a-581c-4dcb-a12e-6568ce786175/_build/results?buildId=5308055,20250908.1,UNKNOWN,,,0,0,0,,,
synapse,@azure/synapse-artifacts,GOOD,NO,succeeded,https://dev.azure.com/azure-sdk/590cfd2a-581c-4dcb-a12e-6568ce786175/_build/results?buildId=5308055,20250908.1,UNKNOWN,,,0,0,0,,,
synapse,@azure-rest/synapse-access-control,GOOD,NO,succeeded,https://dev.azure.com/azure-sdk/590cfd2a-581c-4dcb-a12e-6568ce786175/_build/results?buildId=5308055,20250908.1,UNKNOWN,,,0,0,0,,,
synapse,@azure/synapse-access-control,GOOD,NO,succeeded,https://dev.azure.com/azure-sdk/590cfd2a-581c-4dcb-a12e-6568ce786175/_build/results?buildId=5308055,20250908.1,UNKNOWN,,,0,0,0,,,
storage,@azure/storage-queue,GOOD,NO,succeeded,https://dev.azure.com/azure-sdk/590cfd2a-581c-4dcb-a12e-6568ce786175/_build/results?buildId=5309855,20250908.1,succeeded,https://dev.azure.com/azure-sdk/590cfd2a-581c-4dcb-a12e-6568ce786175/_build/results?buildId=5306616,20250908.1,28,4,36,https://github.com/Azure/azure-sdk-for-js/issues?q=is%3Aopen+is%3Aissue+label%3Acustomer-reported+label%3AClient+-label%3Aissue-addressed+-label%3Abug+-label%3Aneeds-author-feedback+-label%3Afeature-request+label%3A%22Storage%22+created%3A%3C2025-08-10,https://github.com/Azure/azure-sdk-for-js/issues?q=is%3Aopen+is%3Aissue+label%3Acustomer-reported+label%3AClient+-label%3Aissue-addressed+-label%3Aquestion+-label%3Aneeds-author-feedback+-label%3Afeature-request+label%3A%22Storage%22+created%3A%3C2025-08-10,https://github.com/Azure/azure-sdk-for-js/issues?q=is%3Aopen+is%3Aissue+label%3Acustomer-reported+label%3AClient+label%3A%22Storage%22
storage,@azure/storage-internal-avro,GOOD,NO,succeeded,https://dev.azure.com/azure-sdk/590cfd2a-581c-4dcb-a12e-6568ce786175/_build/results?buildId=5309855,20250908.1,UNKNOWN,,,28,4,36,https://github.com/Azure/azure-sdk-for-js/issues?q=is%3Aopen+is%3Aissue+label%3Acustomer-reported+label%3AClient+-label%3Aissue-addressed+-label%3Abug+-label%3Aneeds-author-feedback+-label%3Afeature-request+label%3A%22Storage%22+created%3A%3C2025-08-10,https://github.com/Azure/azure-sdk-for-js/issues?q=is%3Aopen+is%3Aissue+label%3Acustomer-reported+label%3AClient+-label%3Aissue-addressed+-label%3Aquestion+-label%3Aneeds-author-feedback+-label%3Afeature-request+label%3A%22Storage%22+created%3A%3C2025-08-10,https://github.com/Azure/azure-sdk-for-js/issues?q=is%3Aopen+is%3Aissue+label%3Acustomer-reported+label%3AClient+label%3A%22Storage%22
storage,@azure/storage-file-share,GOOD,NO,succeeded,https://dev.azure.com/azure-sdk/590cfd2a-581c-4dcb-a12e-6568ce786175/_build/results?buildId=5309855,20250908.1,succeeded,https://dev.azure.com/azure-sdk/590cfd2a-581c-4dcb-a12e-6568ce786175/_build/results?buildId=5311799,20250909.1,28,4,36,https://github.com/Azure/azure-sdk-for-js/issues?q=is%3Aopen+is%3Aissue+label%3Acustomer-reported+label%3AClient+-label%3Aissue-addressed+-label%3Abug+-label%3Aneeds-author-feedback+-label%3Afeature-request+label%3A%22Storage%22+created%3A%3C2025-08-10,https://github.com/Azure/azure-sdk-for-js/issues?q=is%3Aopen+is%3Aissue+label%3Acustomer-reported+label%3AClient+-label%3Aissue-addressed+-label%3Aquestion+-label%3Aneeds-author-feedback+-label%3Afeature-request+label%3A%22Storage%22+created%3A%3C2025-08-10,https://github.com/Azure/azure-sdk-for-js/issues?q=is%3Aopen+is%3Aissue+label%3Acustomer-reported+label%3AClient+label%3A%22Storage%22
storage,@azure/storage-file-datalake,GOOD,NO,succeeded,https://dev.azure.com/azure-sdk/590cfd2a-581c-4dcb-a12e-6568ce786175/_build/results?buildId=5309855,20250908.1,failed,https://dev.azure.com/azure-sdk/590cfd2a-581c-4dcb-a12e-6568ce786175/_build/results?buildId=5310493,20250908.1,28,4,36,https://github.com/Azure/azure-sdk-for-js/issues?q=is%3Aopen+is%3Aissue+label%3Acustomer-reported+label%3AClient+-label%3Aissue-addressed+-label%3Abug+-label%3Aneeds-author-feedback+-label%3Afeature-request+label%3A%22Storage%22+created%3A%3C2025-08-10,https://github.com/Azure/azure-sdk-for-js/issues?q=is%3Aopen+is%3Aissue+label%3Acustomer-reported+label%3AClient+-label%3Aissue-addressed+-label%3Aquestion+-label%3Aneeds-author-feedback+-label%3Afeature-request+label%3A%22Storage%22+created%3A%3C2025-08-10,https://github.com/Azure/azure-sdk-for-js/issues?q=is%3Aopen+is%3Aissue+label%3Acustomer-reported+label%3AClient+label%3A%22Storage%22
storage,@azure/storage-common,GOOD,NO,succeeded,https://dev.azure.com/azure-sdk/590cfd2a-581c-4dcb-a12e-6568ce786175/_build/results?buildId=5309855,20250908.1,UNKNOWN,,,28,4,36,https://github.com/Azure/azure-sdk-for-js/issues?q=is%3Aopen+is%3Aissue+label%3Acustomer-reported+label%3AClient+-label%3Aissue-addressed+-label%3Abug+-label%3Aneeds-author-feedback+-label%3Afeature-request+label%3A%22Storage%22+created%3A%3C2025-08-10,https://github.com/Azure/azure-sdk-for-js/issues?q=is%3Aopen+is%3Aissue+label%3Acustomer-reported+label%3AClient+-label%3Aissue-addressed+-label%3Aquestion+-label%3Aneeds-author-feedback+-label%3Afeature-request+label%3A%22Storage%22+created%3A%3C2025-08-10,https://github.com/Azure/azure-sdk-for-js/issues?q=is%3Aopen+is%3Aissue+label%3Acustomer-reported+label%3AClient+label%3A%22Storage%22
storage,@azure/storage-blob-changefeed,GOOD,NO,succeeded,https://dev.azure.com/azure-sdk/590cfd2a-581c-4dcb-a12e-6568ce786175/_build/results?buildId=5309855,20250908.1,UNKNOWN,,,28,4,36,https://github.com/Azure/azure-sdk-for-js/issues?q=is%3Aopen+is%3Aissue+label%3Acustomer-reported+label%3AClient+-label%3Aissue-addressed+-label%3Abug+-label%3Aneeds-author-feedback+-label%3Afeature-request+label%3A%22Storage%22+created%3A%3C2025-08-10,https://github.com/Azure/azure-sdk-for-js/issues?q=is%3Aopen+is%3Aissue+label%3Acustomer-reported+label%3AClient+-label%3Aissue-addressed+-label%3Aquestion+-label%3Aneeds-author-feedback+-label%3Afeature-request+label%3A%22Storage%22+created%3A%3C2025-08-10,https://github.com/Azure/azure-sdk-for-js/issues?q=is%3Aopen+is%3Aissue+label%3Acustomer-reported+label%3AClient+label%3A%22Storage%22
storage,@azure/storage-blob,GOOD,NO,succeeded,https://dev.azure.com/azure-sdk/590cfd2a-581c-4dcb-a12e-6568ce786175/_build/results?buildId=5309855,20250908.1,succeeded,https://dev.azure.com/azure-sdk/590cfd2a-581c-4dcb-a12e-6568ce786175/_build/results?buildId=5311718,20250909.1,28,4,36,https://github.com/Azure/azure-sdk-for-js/issues?q=is%3Aopen+is%3Aissue+label%3Acustomer-reported+label%3AClient+-label%3Aissue-addressed+-label%3Abug+-label%3Aneeds-author-feedback+-label%3Afeature-request+label%3A%22Storage%22+created%3A%3C2025-08-10,https://github.com/Azure/azure-sdk-for-js/issues?q=is%3Aopen+is%3Aissue+label%3Acustomer-reported+label%3AClient+-label%3Aissue-addressed+-label%3Aquestion+-label%3Aneeds-author-feedback+-label%3Afeature-request+label%3A%22Storage%22+created%3A%3C2025-08-10,https://github.com/Azure/azure-sdk-for-js/issues?q=is%3Aopen+is%3Aissue+label%3Acustomer-reported+label%3AClient+label%3A%22Storage%22
servicebus,@azure/service-bus,GOOD,YES,succeeded,https://dev.azure.com/azure-sdk/590cfd2a-581c-4dcb-a12e-6568ce786175/_build/results?buildId=5309794,20250908.1,succeeded,https://dev.azure.com/azure-sdk/590cfd2a-581c-4dcb-a12e-6568ce786175/_build/results?buildId=5307025,20250908.1,8,0,11,https://github.com/Azure/azure-sdk-for-js/issues?q=is%3Aopen+is%3Aissue+label%3Acustomer-reported+label%3AClient+-label%3Aissue-addressed+-label%3Abug+-label%3Aneeds-author-feedback+-label%3Afeature-request+label%3A%22Service+Bus%22+created%3A%3C2025-08-10,https://github.com/Azure/azure-sdk-for-js/issues?q=is%3Aopen+is%3Aissue+label%3Acustomer-reported+label%3AClient+-label%3Aissue-addressed+-label%3Aquestion+-label%3Aneeds-author-feedback+-label%3Afeature-request+label%3A%22Service+Bus%22+created%3A%3C2025-08-10,https://github.com/Azure/azure-sdk-for-js/issues?q=is%3Aopen+is%3Aissue+label%3Acustomer-reported+label%3AClient+label%3A%22Service%20Bus%22
search,@azure/search-documents,GOOD,YES,succeeded,https://dev.azure.com/azure-sdk/590cfd2a-581c-4dcb-a12e-6568ce786175/_build/results?buildId=5310177,20250908.1,succeeded,https://dev.azure.com/azure-sdk/590cfd2a-581c-4dcb-a12e-6568ce786175/_build/results?buildId=5306976,20250908.1,8,1,10,https://github.com/Azure/azure-sdk-for-js/issues?q=is%3Aopen+is%3Aissue+label%3Acustomer-reported+label%3AClient+-label%3Aissue-addressed+-label%3Abug+-label%3Aneeds-author-feedback+-label%3Afeature-request+label%3A%22Search%22+created%3A%3C2025-08-10,https://github.com/Azure/azure-sdk-for-js/issues?q=is%3Aopen+is%3Aissue+label%3Acustomer-reported+label%3AClient+-label%3Aissue-addressed+-label%3Aquestion+-label%3Aneeds-author-feedback+-label%3Afeature-request+label%3A%22Search%22+created%3A%3C2025-08-10,https://github.com/Azure/azure-sdk-for-js/issues?q=is%3Aopen+is%3Aissue+label%3Acustomer-reported+label%3AClient+label%3A%22Search%22
schemaregistry,@azure/schema-registry-json,GOOD,YES,succeeded,https://dev.azure.com/azure-sdk/590cfd2a-581c-4dcb-a12e-6568ce786175/_build/results?buildId=5308421,20250908.1,failed,https://dev.azure.com/azure-sdk/590cfd2a-581c-4dcb-a12e-6568ce786175/_build/results?buildId=5306920,20250908.1,0,0,0,,,
schemaregistry,@azure/schema-registry-avro,GOOD,YES,succeeded,https://dev.azure.com/azure-sdk/590cfd2a-581c-4dcb-a12e-6568ce786175/_build/results?buildId=5308421,20250908.1,succeeded,https://dev.azure.com/azure-sdk/590cfd2a-581c-4dcb-a12e-6568ce786175/_build/results?buildId=5310627,20250908.1,0,0,0,,,
schemaregistry,@azure/schema-registry,GOOD,YES,succeeded,https://dev.azure.com/azure-sdk/590cfd2a-581c-4dcb-a12e-6568ce786175/_build/results?buildId=5308421,20250908.1,succeeded,https://dev.azure.com/azure-sdk/590cfd2a-581c-4dcb-a12e-6568ce786175/_build/results?buildId=5310604,20250908.1,0,0,0,,,
quantum,@azure/quantum-jobs,GOOD,NO,succeeded,https://dev.azure.com/azure-sdk/590cfd2a-581c-4dcb-a12e-6568ce786175/_build/results?buildId=5309046,20250908.1,UNKNOWN,,,0,0,0,,,
purview,@azure-rest/purview-workflow,GOOD,NO,succeeded,https://dev.azure.com/azure-sdk/590cfd2a-581c-4dcb-a12e-6568ce786175/_build/results?buildId=5310944,20250908.1,UNKNOWN,,,0,0,0,,,
purview,@azure-rest/purview-sharing,GOOD,NO,succeeded,https://dev.azure.com/azure-sdk/590cfd2a-581c-4dcb-a12e-6568ce786175/_build/results?buildId=5310944,20250908.1,UNKNOWN,,,0,0,0,,,
purview,@azure-rest/purview-scanning,GOOD,NO,succeeded,https://dev.azure.com/azure-sdk/590cfd2a-581c-4dcb-a12e-6568ce786175/_build/results?buildId=5310944,20250908.1,UNKNOWN,,,0,0,0,,,
purview,@azure-rest/purview-datamap,GOOD,NO,succeeded,https://dev.azure.com/azure-sdk/590cfd2a-581c-4dcb-a12e-6568ce786175/_build/results?buildId=5310944,20250908.1,UNKNOWN,,,0,0,0,,,
purview,@azure-rest/purview-administration,GOOD,NO,succeeded,https://dev.azure.com/azure-sdk/590cfd2a-581c-4dcb-a12e-6568ce786175/_build/results?buildId=5310944,20250908.1,UNKNOWN,,,0,0,0,,,
playwrighttesting,@azure/microsoft-playwright-testing,GOOD,NO,succeeded,https://dev.azure.com/azure-sdk/590cfd2a-581c-4dcb-a12e-6568ce786175/_build/results?buildId=5308561,20250908.1,UNKNOWN,,,0,0,1,,,https://github.com/Azure/azure-sdk-for-js/issues?q=is%3Aopen+is%3Aissue+label%3Acustomer-reported+label%3AClient+label%3A%22Microsoft%20Playwright Testing%22
playwrighttesting,@azure/create-microsoft-playwright-testing,GOOD,NO,succeeded,https://dev.azure.com/azure-sdk/590cfd2a-581c-4dcb-a12e-6568ce786175/_build/results?buildId=5308561,20250908.1,UNKNOWN,,,0,0,1,,,https://github.com/Azure/azure-sdk-for-js/issues?q=is%3Aopen+is%3Aissue+label%3Acustomer-reported+label%3AClient+label%3A%22Microsoft%20Playwright Testing%22
openai,@azure/openai,GOOD,NO,succeeded,https://dev.azure.com/azure-sdk/590cfd2a-581c-4dcb-a12e-6568ce786175/_build/results?buildId=5306849,20250908.1,failed,https://dev.azure.com/azure-sdk/590cfd2a-581c-4dcb-a12e-6568ce786175/_build/results?buildId=5311330,20250909.1,3,0,3,https://github.com/Azure/azure-sdk-for-js/issues?q=is%3Aopen+is%3Aissue+label%3Acustomer-reported+label%3AClient+-label%3Aissue-addressed+-label%3Abug+-label%3Aneeds-author-feedback+-label%3Afeature-request+label%3A%22OpenAI%22+created%3A%3C2025-08-10,https://github.com/Azure/azure-sdk-for-js/issues?q=is%3Aopen+is%3Aissue+label%3Acustomer-reported+label%3AClient+-label%3Aissue-addressed+-label%3Aquestion+-label%3Aneeds-author-feedback+-label%3Afeature-request+label%3A%22OpenAI%22+created%3A%3C2025-08-10,https://github.com/Azure/azure-sdk-for-js/issues?q=is%3Aopen+is%3Aissue+label%3Acustomer-reported+label%3AClient+label%3A%22OpenAI%22
onlineexperimentation,@azure-rest/onlineexperimentation,GOOD,NO,succeeded,https://dev.azure.com/azure-sdk/590cfd2a-581c-4dcb-a12e-6568ce786175/_build/results?buildId=5310678,20250908.1,UNKNOWN,,,0,0,0,,,
notificationhubs,@azure/notification-hubs,GOOD,YES,succeeded,https://dev.azure.com/azure-sdk/590cfd2a-581c-4dcb-a12e-6568ce786175/_build/results?buildId=5310327,20250908.1,UNKNOWN,,,2,0,2,https://github.com/Azure/azure-sdk-for-js/issues?q=is%3Aopen+is%3Aissue+label%3Acustomer-reported+label%3AClient+-label%3Aissue-addressed+-label%3Abug+-label%3Aneeds-author-feedback+-label%3Afeature-request+label%3A%22Notification+Hub%22+created%3A%3C2025-08-10,https://github.com/Azure/azure-sdk-for-js/issues?q=is%3Aopen+is%3Aissue+label%3Acustomer-reported+label%3AClient+-label%3Aissue-addressed+-label%3Aquestion+-label%3Aneeds-author-feedback+-label%3Afeature-request+label%3A%22Notification+Hub%22+created%3A%3C2025-08-10,https://github.com/Azure/azure-sdk-for-js/issues?q=is%3Aopen+is%3Aissue+label%3Acustomer-reported+label%3AClient+label%3A%22Notification%20Hub%22
monitor,@azure/monitor-query,GOOD,YES,succeeded,https://dev.azure.com/azure-sdk/590cfd2a-581c-4dcb-a12e-6568ce786175/_build/results?buildId=5307073,20250908.1,succeeded,https://dev.azure.com/azure-sdk/590cfd2a-581c-4dcb-a12e-6568ce786175/_build/results?buildId=5207307,20250811.1,3,0,3,https://github.com/Azure/azure-sdk-for-js/issues?q=is%3Aopen+is%3Aissue+label%3Acustomer-reported+label%3AClient+-label%3Aissue-addressed+-label%3Abug+-label%3Aneeds-author-feedback+-label%3Afeature-request+label%3A%22Monitor%22+created%3A%3C2025-08-10,https://github.com/Azure/azure-sdk-for-js/issues?q=is%3Aopen+is%3Aissue+label%3Acustomer-reported+label%3AClient+-label%3Aissue-addressed+-label%3Aquestion+-label%3Aneeds-author-feedback+-label%3Afeature-request+label%3A%22Monitor%22+created%3A%3C2025-08-10,https://github.com/Azure/azure-sdk-for-js/issues?q=is%3Aopen+is%3Aissue+label%3Acustomer-reported+label%3AClient+label%3A%22Monitor%22
monitor,@azure/monitor-opentelemetry-exporter,GOOD,NO,succeeded,https://dev.azure.com/azure-sdk/590cfd2a-581c-4dcb-a12e-6568ce786175/_build/results?buildId=5307073,20250908.1,succeeded,https://dev.azure.com/azure-sdk/590cfd2a-581c-4dcb-a12e-6568ce786175/_build/results?buildId=5310828,20250908.1,3,0,3,https://github.com/Azure/azure-sdk-for-js/issues?q=is%3Aopen+is%3Aissue+label%3Acustomer-reported+label%3AClient+-label%3Aissue-addressed+-label%3Abug+-label%3Aneeds-author-feedback+-label%3Afeature-request+label%3A%22Monitor%22+created%3A%3C2025-08-10,https://github.com/Azure/azure-sdk-for-js/issues?q=is%3Aopen+is%3Aissue+label%3Acustomer-reported+label%3AClient+-label%3Aissue-addressed+-label%3Aquestion+-label%3Aneeds-author-feedback+-label%3Afeature-request+label%3A%22Monitor%22+created%3A%3C2025-08-10,https://github.com/Azure/azure-sdk-for-js/issues?q=is%3Aopen+is%3Aissue+label%3Acustomer-reported+label%3AClient+label%3A%22Monitor%22
monitor,@azure/monitor-opentelemetry,GOOD,NO,succeeded,https://dev.azure.com/azure-sdk/590cfd2a-581c-4dcb-a12e-6568ce786175/_build/results?buildId=5307073,20250908.1,succeeded,https://dev.azure.com/azure-sdk/590cfd2a-581c-4dcb-a12e-6568ce786175/_build/results?buildId=5309853,20250908.1,3,0,3,https://github.com/Azure/azure-sdk-for-js/issues?q=is%3Aopen+is%3Aissue+label%3Acustomer-reported+label%3AClient+-label%3Aissue-addressed+-label%3Abug+-label%3Aneeds-author-feedback+-label%3Afeature-request+label%3A%22Monitor%22+created%3A%3C2025-08-10,https://github.com/Azure/azure-sdk-for-js/issues?q=is%3Aopen+is%3Aissue+label%3Acustomer-reported+label%3AClient+-label%3Aissue-addressed+-label%3Aquestion+-label%3Aneeds-author-feedback+-label%3Afeature-request+label%3A%22Monitor%22+created%3A%3C2025-08-10,https://github.com/Azure/azure-sdk-for-js/issues?q=is%3Aopen+is%3Aissue+label%3Acustomer-reported+label%3AClient+label%3A%22Monitor%22
monitor,@azure/monitor-ingestion,GOOD,YES,succeeded,https://dev.azure.com/azure-sdk/590cfd2a-581c-4dcb-a12e-6568ce786175/_build/results?buildId=5307073,20250908.1,succeeded,https://dev.azure.com/azure-sdk/590cfd2a-581c-4dcb-a12e-6568ce786175/_build/results?buildId=5306877,20250908.1,3,0,3,https://github.com/Azure/azure-sdk-for-js/issues?q=is%3Aopen+is%3Aissue+label%3Acustomer-reported+label%3AClient+-label%3Aissue-addressed+-label%3Abug+-label%3Aneeds-author-feedback+-label%3Afeature-request+label%3A%22Monitor%22+created%3A%3C2025-08-10,https://github.com/Azure/azure-sdk-for-js/issues?q=is%3Aopen+is%3Aissue+label%3Acustomer-reported+label%3AClient+-label%3Aissue-addressed+-label%3Aquestion+-label%3Aneeds-author-feedback+-label%3Afeature-request+label%3A%22Monitor%22+created%3A%3C2025-08-10,https://github.com/Azure/azure-sdk-for-js/issues?q=is%3Aopen+is%3Aissue+label%3Acustomer-reported+label%3AClient+label%3A%22Monitor%22
metricsadvisor,@azure/ai-metrics-advisor,GOOD,YES,succeeded,https://dev.azure.com/azure-sdk/590cfd2a-581c-4dcb-a12e-6568ce786175/_build/results?buildId=2869672,20230623.1,succeeded,https://dev.azure.com/azure-sdk/590cfd2a-581c-4dcb-a12e-6568ce786175/_build/results?buildId=1436743,20220315.1,0,0,0,,,
maps,@azure-rest/maps-timezone,GOOD,NO,succeeded,https://dev.azure.com/azure-sdk/590cfd2a-581c-4dcb-a12e-6568ce786175/_build/results?buildId=5311224,20250908.1,failed,https://dev.azure.com/azure-sdk/590cfd2a-581c-4dcb-a12e-6568ce786175/_build/results?buildId=5311252,20250908.1,1,0,2,https://github.com/Azure/azure-sdk-for-js/issues?q=is%3Aopen+is%3Aissue+label%3Acustomer-reported+label%3AClient+-label%3Aissue-addressed+-label%3Abug+-label%3Aneeds-author-feedback+-label%3Afeature-request+label%3A%22Maps%22+created%3A%3C2025-08-10,https://github.com/Azure/azure-sdk-for-js/issues?q=is%3Aopen+is%3Aissue+label%3Acustomer-reported+label%3AClient+-label%3Aissue-addressed+-label%3Aquestion+-label%3Aneeds-author-feedback+-label%3Afeature-request+label%3A%22Maps%22+created%3A%3C2025-08-10,https://github.com/Azure/azure-sdk-for-js/issues?q=is%3Aopen+is%3Aissue+label%3Acustomer-reported+label%3AClient+label%3A%22Maps%22
maps,@azure-rest/maps-search,GOOD,NO,succeeded,https://dev.azure.com/azure-sdk/590cfd2a-581c-4dcb-a12e-6568ce786175/_build/results?buildId=5311224,20250908.1,succeeded,https://dev.azure.com/azure-sdk/590cfd2a-581c-4dcb-a12e-6568ce786175/_build/results?buildId=5306912,20250908.1,1,0,2,https://github.com/Azure/azure-sdk-for-js/issues?q=is%3Aopen+is%3Aissue+label%3Acustomer-reported+label%3AClient+-label%3Aissue-addressed+-label%3Abug+-label%3Aneeds-author-feedback+-label%3Afeature-request+label%3A%22Maps%22+created%3A%3C2025-08-10,https://github.com/Azure/azure-sdk-for-js/issues?q=is%3Aopen+is%3Aissue+label%3Acustomer-reported+label%3AClient+-label%3Aissue-addressed+-label%3Aquestion+-label%3Aneeds-author-feedback+-label%3Afeature-request+label%3A%22Maps%22+created%3A%3C2025-08-10,https://github.com/Azure/azure-sdk-for-js/issues?q=is%3Aopen+is%3Aissue+label%3Acustomer-reported+label%3AClient+label%3A%22Maps%22
maps,@azure-rest/maps-route,GOOD,NO,succeeded,https://dev.azure.com/azure-sdk/590cfd2a-581c-4dcb-a12e-6568ce786175/_build/results?buildId=5311224,20250908.1,failed,https://dev.azure.com/azure-sdk/590cfd2a-581c-4dcb-a12e-6568ce786175/_build/results?buildId=5307307,20250908.1,1,0,2,https://github.com/Azure/azure-sdk-for-js/issues?q=is%3Aopen+is%3Aissue+label%3Acustomer-reported+label%3AClient+-label%3Aissue-addressed+-label%3Abug+-label%3Aneeds-author-feedback+-label%3Afeature-request+label%3A%22Maps%22+created%3A%3C2025-08-10,https://github.com/Azure/azure-sdk-for-js/issues?q=is%3Aopen+is%3Aissue+label%3Acustomer-reported+label%3AClient+-label%3Aissue-addressed+-label%3Aquestion+-label%3Aneeds-author-feedback+-label%3Afeature-request+label%3A%22Maps%22+created%3A%3C2025-08-10,https://github.com/Azure/azure-sdk-for-js/issues?q=is%3Aopen+is%3Aissue+label%3Acustomer-reported+label%3AClient+label%3A%22Maps%22
maps,@azure-rest/maps-render,GOOD,NO,succeeded,https://dev.azure.com/azure-sdk/590cfd2a-581c-4dcb-a12e-6568ce786175/_build/results?buildId=5311224,20250908.1,succeeded,https://dev.azure.com/azure-sdk/590cfd2a-581c-4dcb-a12e-6568ce786175/_build/results?buildId=5311627,20250909.1,1,0,2,https://github.com/Azure/azure-sdk-for-js/issues?q=is%3Aopen+is%3Aissue+label%3Acustomer-reported+label%3AClient+-label%3Aissue-addressed+-label%3Abug+-label%3Aneeds-author-feedback+-label%3Afeature-request+label%3A%22Maps%22+created%3A%3C2025-08-10,https://github.com/Azure/azure-sdk-for-js/issues?q=is%3Aopen+is%3Aissue+label%3Acustomer-reported+label%3AClient+-label%3Aissue-addressed+-label%3Aquestion+-label%3Aneeds-author-feedback+-label%3Afeature-request+label%3A%22Maps%22+created%3A%3C2025-08-10,https://github.com/Azure/azure-sdk-for-js/issues?q=is%3Aopen+is%3Aissue+label%3Acustomer-reported+label%3AClient+label%3A%22Maps%22
maps,@azure-rest/maps-geolocation,GOOD,NO,succeeded,https://dev.azure.com/azure-sdk/590cfd2a-581c-4dcb-a12e-6568ce786175/_build/results?buildId=5311224,20250908.1,succeeded,https://dev.azure.com/azure-sdk/590cfd2a-581c-4dcb-a12e-6568ce786175/_build/results?buildId=5306948,20250908.1,1,0,2,https://github.com/Azure/azure-sdk-for-js/issues?q=is%3Aopen+is%3Aissue+label%3Acustomer-reported+label%3AClient+-label%3Aissue-addressed+-label%3Abug+-label%3Aneeds-author-feedback+-label%3Afeature-request+label%3A%22Maps%22+created%3A%3C2025-08-10,https://github.com/Azure/azure-sdk-for-js/issues?q=is%3Aopen+is%3Aissue+label%3Acustomer-reported+label%3AClient+-label%3Aissue-addressed+-label%3Aquestion+-label%3Aneeds-author-feedback+-label%3Afeature-request+label%3A%22Maps%22+created%3A%3C2025-08-10,https://github.com/Azure/azure-sdk-for-js/issues?q=is%3Aopen+is%3Aissue+label%3Acustomer-reported+label%3AClient+label%3A%22Maps%22
maps,@azure/maps-common,GOOD,NO,succeeded,https://dev.azure.com/azure-sdk/590cfd2a-581c-4dcb-a12e-6568ce786175/_build/results?buildId=5311224,20250908.1,UNKNOWN,,,1,0,2,https://github.com/Azure/azure-sdk-for-js/issues?q=is%3Aopen+is%3Aissue+label%3Acustomer-reported+label%3AClient+-label%3Aissue-addressed+-label%3Abug+-label%3Aneeds-author-feedback+-label%3Afeature-request+label%3A%22Maps%22+created%3A%3C2025-08-10,https://github.com/Azure/azure-sdk-for-js/issues?q=is%3Aopen+is%3Aissue+label%3Acustomer-reported+label%3AClient+-label%3Aissue-addressed+-label%3Aquestion+-label%3Aneeds-author-feedback+-label%3Afeature-request+label%3A%22Maps%22+created%3A%3C2025-08-10,https://github.com/Azure/azure-sdk-for-js/issues?q=is%3Aopen+is%3Aissue+label%3Acustomer-reported+label%3AClient+label%3A%22Maps%22
loadtesting,@azure/playwright,GOOD,NO,succeeded,https://dev.azure.com/azure-sdk/590cfd2a-581c-4dcb-a12e-6568ce786175/_build/results?buildId=5307115,20250908.1,UNKNOWN,,,0,0,0,,,
loadtesting,@azure-rest/load-testing,GOOD,NO,succeeded,https://dev.azure.com/azure-sdk/590cfd2a-581c-4dcb-a12e-6568ce786175/_build/results?buildId=5307115,20250908.1,UNKNOWN,,,0,0,0,,,
loadtesting,@azure/create-playwright,GOOD,NO,succeeded,https://dev.azure.com/azure-sdk/590cfd2a-581c-4dcb-a12e-6568ce786175/_build/results?buildId=5307115,20250908.1,UNKNOWN,,,0,0,0,,,
keyvault,@azure/keyvault-secrets,GOOD,YES,succeeded,https://dev.azure.com/azure-sdk/590cfd2a-581c-4dcb-a12e-6568ce786175/_build/results?buildId=5309694,20250908.1,succeeded,https://dev.azure.com/azure-sdk/590cfd2a-581c-4dcb-a12e-6568ce786175/_build/results?buildId=5307103,20250908.1,1,0,2,https://github.com/Azure/azure-sdk-for-js/issues?q=is%3Aopen+is%3Aissue+label%3Acustomer-reported+label%3AClient+-label%3Aissue-addressed+-label%3Abug+-label%3Aneeds-author-feedback+-label%3Afeature-request+label%3A%22KeyVault%22+created%3A%3C2025-08-10,https://github.com/Azure/azure-sdk-for-js/issues?q=is%3Aopen+is%3Aissue+label%3Acustomer-reported+label%3AClient+-label%3Aissue-addressed+-label%3Aquestion+-label%3Aneeds-author-feedback+-label%3Afeature-request+label%3A%22KeyVault%22+created%3A%3C2025-08-10,https://github.com/Azure/azure-sdk-for-js/issues?q=is%3Aopen+is%3Aissue+label%3Acustomer-reported+label%3AClient+label%3A%22KeyVault%22
keyvault,@azure/keyvault-keys,GOOD,YES,succeeded,https://dev.azure.com/azure-sdk/590cfd2a-581c-4dcb-a12e-6568ce786175/_build/results?buildId=5309694,20250908.1,succeeded,https://dev.azure.com/azure-sdk/590cfd2a-581c-4dcb-a12e-6568ce786175/_build/results?buildId=5307091,20250908.1,1,0,2,https://github.com/Azure/azure-sdk-for-js/issues?q=is%3Aopen+is%3Aissue+label%3Acustomer-reported+label%3AClient+-label%3Aissue-addressed+-label%3Abug+-label%3Aneeds-author-feedback+-label%3Afeature-request+label%3A%22KeyVault%22+created%3A%3C2025-08-10,https://github.com/Azure/azure-sdk-for-js/issues?q=is%3Aopen+is%3Aissue+label%3Acustomer-reported+label%3AClient+-label%3Aissue-addressed+-label%3Aquestion+-label%3Aneeds-author-feedback+-label%3Afeature-request+label%3A%22KeyVault%22+created%3A%3C2025-08-10,https://github.com/Azure/azure-sdk-for-js/issues?q=is%3Aopen+is%3Aissue+label%3Acustomer-reported+label%3AClient+label%3A%22KeyVault%22
keyvault,@azure/keyvault-common,GOOD,YES,succeeded,https://dev.azure.com/azure-sdk/590cfd2a-581c-4dcb-a12e-6568ce786175/_build/results?buildId=5309694,20250908.1,UNKNOWN,,,1,0,2,https://github.com/Azure/azure-sdk-for-js/issues?q=is%3Aopen+is%3Aissue+label%3Acustomer-reported+label%3AClient+-label%3Aissue-addressed+-label%3Abug+-label%3Aneeds-author-feedback+-label%3Afeature-request+label%3A%22KeyVault%22+created%3A%3C2025-08-10,https://github.com/Azure/azure-sdk-for-js/issues?q=is%3Aopen+is%3Aissue+label%3Acustomer-reported+label%3AClient+-label%3Aissue-addressed+-label%3Aquestion+-label%3Aneeds-author-feedback+-label%3Afeature-request+label%3A%22KeyVault%22+created%3A%3C2025-08-10,https://github.com/Azure/azure-sdk-for-js/issues?q=is%3Aopen+is%3Aissue+label%3Acustomer-reported+label%3AClient+label%3A%22KeyVault%22
keyvault,@azure/keyvault-certificates,GOOD,YES,succeeded,https://dev.azure.com/azure-sdk/590cfd2a-581c-4dcb-a12e-6568ce786175/_build/results?buildId=5309694,20250908.1,succeeded,https://dev.azure.com/azure-sdk/590cfd2a-581c-4dcb-a12e-6568ce786175/_build/results?buildId=5309186,20250908.1,1,0,2,https://github.com/Azure/azure-sdk-for-js/issues?q=is%3Aopen+is%3Aissue+label%3Acustomer-reported+label%3AClient+-label%3Aissue-addressed+-label%3Abug+-label%3Aneeds-author-feedback+-label%3Afeature-request+label%3A%22KeyVault%22+created%3A%3C2025-08-10,https://github.com/Azure/azure-sdk-for-js/issues?q=is%3Aopen+is%3Aissue+label%3Acustomer-reported+label%3AClient+-label%3Aissue-addressed+-label%3Aquestion+-label%3Aneeds-author-feedback+-label%3Afeature-request+label%3A%22KeyVault%22+created%3A%3C2025-08-10,https://github.com/Azure/azure-sdk-for-js/issues?q=is%3Aopen+is%3Aissue+label%3Acustomer-reported+label%3AClient+label%3A%22KeyVault%22
keyvault,@azure/keyvault-admin,GOOD,YES,succeeded,https://dev.azure.com/azure-sdk/590cfd2a-581c-4dcb-a12e-6568ce786175/_build/results?buildId=5309694,20250908.1,succeeded,https://dev.azure.com/azure-sdk/590cfd2a-581c-4dcb-a12e-6568ce786175/_build/results?buildId=5306990,20250908.1,1,0,2,https://github.com/Azure/azure-sdk-for-js/issues?q=is%3Aopen+is%3Aissue+label%3Acustomer-reported+label%3AClient+-label%3Aissue-addressed+-label%3Abug+-label%3Aneeds-author-feedback+-label%3Afeature-request+label%3A%22KeyVault%22+created%3A%3C2025-08-10,https://github.com/Azure/azure-sdk-for-js/issues?q=is%3Aopen+is%3Aissue+label%3Acustomer-reported+label%3AClient+-label%3Aissue-addressed+-label%3Aquestion+-label%3Aneeds-author-feedback+-label%3Afeature-request+label%3A%22KeyVault%22+created%3A%3C2025-08-10,https://github.com/Azure/azure-sdk-for-js/issues?q=is%3Aopen+is%3Aissue+label%3Acustomer-reported+label%3AClient+label%3A%22KeyVault%22
iot,@azure/iot-modelsrepository,GOOD,NO,succeeded,https://dev.azure.com/azure-sdk/590cfd2a-581c-4dcb-a12e-6568ce786175/_build/results?buildId=5310325,20250908.1,UNKNOWN,,,0,0,0,,,
instrumentation,@azure/opentelemetry-instrumentation-azure-sdk,GOOD,YES,succeeded,https://dev.azure.com/azure-sdk/590cfd2a-581c-4dcb-a12e-6568ce786175/_build/results?buildId=5308831,20250908.1,succeeded,https://dev.azure.com/azure-sdk/590cfd2a-581c-4dcb-a12e-6568ce786175/_build/results?buildId=5308898,20250908.1,0,0,0,,,
identity,@azure/identity-vscode,GOOD,YES,succeeded,https://dev.azure.com/azure-sdk/590cfd2a-581c-4dcb-a12e-6568ce786175/_build/results?buildId=5279736,20250829.1,UNKNOWN,,,1,0,1,https://github.com/Azure/azure-sdk-for-js/issues?q=is%3Aopen+is%3Aissue+label%3Acustomer-reported+label%3AClient+-label%3Aissue-addressed+-label%3Abug+-label%3Aneeds-author-feedback+-label%3Afeature-request+label%3A%22Azure.Identity%22+created%3A%3C2025-08-10,https://github.com/Azure/azure-sdk-for-js/issues?q=is%3Aopen+is%3Aissue+label%3Acustomer-reported+label%3AClient+-label%3Aissue-addressed+-label%3Aquestion+-label%3Aneeds-author-feedback+-label%3Afeature-request+label%3A%22Azure.Identity%22+created%3A%3C2025-08-10,https://github.com/Azure/azure-sdk-for-js/issues?q=is%3Aopen+is%3Aissue+label%3Acustomer-reported+label%3AClient+label%3A%22Azure.Identity%22
identity,@azure/identity-cache-persistence,GOOD,YES,succeeded,https://dev.azure.com/azure-sdk/590cfd2a-581c-4dcb-a12e-6568ce786175/_build/results?buildId=5279736,20250829.1,UNKNOWN,,,1,0,1,https://github.com/Azure/azure-sdk-for-js/issues?q=is%3Aopen+is%3Aissue+label%3Acustomer-reported+label%3AClient+-label%3Aissue-addressed+-label%3Abug+-label%3Aneeds-author-feedback+-label%3Afeature-request+label%3A%22Azure.Identity%22+created%3A%3C2025-08-10,https://github.com/Azure/azure-sdk-for-js/issues?q=is%3Aopen+is%3Aissue+label%3Acustomer-reported+label%3AClient+-label%3Aissue-addressed+-label%3Aquestion+-label%3Aneeds-author-feedback+-label%3Afeature-request+label%3A%22Azure.Identity%22+created%3A%3C2025-08-10,https://github.com/Azure/azure-sdk-for-js/issues?q=is%3Aopen+is%3Aissue+label%3Acustomer-reported+label%3AClient+label%3A%22Azure.Identity%22
identity,@azure/identity-broker,GOOD,YES,succeeded,https://dev.azure.com/azure-sdk/590cfd2a-581c-4dcb-a12e-6568ce786175/_build/results?buildId=5279736,20250829.1,UNKNOWN,,,1,0,1,https://github.com/Azure/azure-sdk-for-js/issues?q=is%3Aopen+is%3Aissue+label%3Acustomer-reported+label%3AClient+-label%3Aissue-addressed+-label%3Abug+-label%3Aneeds-author-feedback+-label%3Afeature-request+label%3A%22Azure.Identity%22+created%3A%3C2025-08-10,https://github.com/Azure/azure-sdk-for-js/issues?q=is%3Aopen+is%3Aissue+label%3Acustomer-reported+label%3AClient+-label%3Aissue-addressed+-label%3Aquestion+-label%3Aneeds-author-feedback+-label%3Afeature-request+label%3A%22Azure.Identity%22+created%3A%3C2025-08-10,https://github.com/Azure/azure-sdk-for-js/issues?q=is%3Aopen+is%3Aissue+label%3Acustomer-reported+label%3AClient+label%3A%22Azure.Identity%22
identity,@azure/identity,GOOD,YES,succeeded,https://dev.azure.com/azure-sdk/590cfd2a-581c-4dcb-a12e-6568ce786175/_build/results?buildId=5279736,20250829.1,failed,https://dev.azure.com/azure-sdk/590cfd2a-581c-4dcb-a12e-6568ce786175/_build/results?buildId=5310670,20250908.1,1,0,1,https://github.com/Azure/azure-sdk-for-js/issues?q=is%3Aopen+is%3Aissue+label%3Acustomer-reported+label%3AClient+-label%3Aissue-addressed+-label%3Abug+-label%3Aneeds-author-feedback+-label%3Afeature-request+label%3A%22Azure.Identity%22+created%3A%3C2025-08-10,https://github.com/Azure/azure-sdk-for-js/issues?q=is%3Aopen+is%3Aissue+label%3Acustomer-reported+label%3AClient+-label%3Aissue-addressed+-label%3Aquestion+-label%3Aneeds-author-feedback+-label%3Afeature-request+label%3A%22Azure.Identity%22+created%3A%3C2025-08-10,https://github.com/Azure/azure-sdk-for-js/issues?q=is%3Aopen+is%3Aissue+label%3Acustomer-reported+label%3AClient+label%3A%22Azure.Identity%22
healthinsights,@azure-rest/health-insights-radiologyinsights,GOOD,NO,succeeded,https://dev.azure.com/azure-sdk/590cfd2a-581c-4dcb-a12e-6568ce786175/_build/results?buildId=5306941,20250908.1,UNKNOWN,,,0,0,0,,,
healthinsights,@azure-rest/health-insights-clinicalmatching,GOOD,NO,succeeded,https://dev.azure.com/azure-sdk/590cfd2a-581c-4dcb-a12e-6568ce786175/_build/results?buildId=5306941,20250908.1,UNKNOWN,,,0,0,0,,,
healthinsights,@azure-rest/health-insights-cancerprofiling,GOOD,NO,succeeded,https://dev.azure.com/azure-sdk/590cfd2a-581c-4dcb-a12e-6568ce786175/_build/results?buildId=5306941,20250908.1,UNKNOWN,,,0,0,0,,,
healthdataaiservices,@azure-rest/health-deidentification,GOOD,NO,succeeded,https://dev.azure.com/azure-sdk/590cfd2a-581c-4dcb-a12e-6568ce786175/_build/results?buildId=5311260,20250908.1,failed,https://dev.azure.com/azure-sdk/590cfd2a-581c-4dcb-a12e-6568ce786175/_build/results?buildId=5037682,20250701.1,0,0,0,,,
formrecognizer,@azure/ai-form-recognizer,GOOD,YES,succeeded,https://dev.azure.com/azure-sdk/590cfd2a-581c-4dcb-a12e-6568ce786175/_build/results?buildId=5310824,20250908.1,UNKNOWN,https://dev.azure.com/azure-sdk/590cfd2a-581c-4dcb-a12e-6568ce786175/_build/results?buildId=4718569,20250403.1,10,0,10,https://github.com/Azure/azure-sdk-for-js/issues?q=is%3Aopen+is%3Aissue+label%3Acustomer-reported+label%3AClient+-label%3Aissue-addressed+-label%3Abug+-label%3Aneeds-author-feedback+-label%3Afeature-request+label%3A%22Cognitive+- Form Recognizer%22+created%3A%3C2025-08-10,https://github.com/Azure/azure-sdk-for-js/issues?q=is%3Aopen+is%3Aissue+label%3Acustomer-reported+label%3AClient+-label%3Aissue-addressed+-label%3Aquestion+-label%3Aneeds-author-feedback+-label%3Afeature-request+label%3A%22Cognitive+- Form Recognizer%22+created%3A%3C2025-08-10,https://github.com/Azure/azure-sdk-for-js/issues?q=is%3Aopen+is%3Aissue+label%3Acustomer-reported+label%3AClient+label%3A%22Cognitive%20- Form Recognizer%22
face,@azure-rest/ai-vision-face,GOOD,NO,succeeded,https://dev.azure.com/azure-sdk/590cfd2a-581c-4dcb-a12e-6568ce786175/_build/results?buildId=5307788,20250908.1,UNKNOWN,,,0,0,0,,,
eventhub,@azure/eventhubs-checkpointstore-table,GOOD,YES,succeeded,https://dev.azure.com/azure-sdk/590cfd2a-581c-4dcb-a12e-6568ce786175/_build/results?buildId=5309480,20250908.1,succeeded,https://dev.azure.com/azure-sdk/590cfd2a-581c-4dcb-a12e-6568ce786175/_build/results?buildId=5307267,20250908.1,5,0,6,https://github.com/Azure/azure-sdk-for-js/issues?q=is%3Aopen+is%3Aissue+label%3Acustomer-reported+label%3AClient+-label%3Aissue-addressed+-label%3Abug+-label%3Aneeds-author-feedback+-label%3Afeature-request+label%3A%22Event+Hubs%22+created%3A%3C2025-08-10,https://github.com/Azure/azure-sdk-for-js/issues?q=is%3Aopen+is%3Aissue+label%3Acustomer-reported+label%3AClient+-label%3Aissue-addressed+-label%3Aquestion+-label%3Aneeds-author-feedback+-label%3Afeature-request+label%3A%22Event+Hubs%22+created%3A%3C2025-08-10,https://github.com/Azure/azure-sdk-for-js/issues?q=is%3Aopen+is%3Aissue+label%3Acustomer-reported+label%3AClient+label%3A%22Event%20Hubs%22
eventhub,@azure/eventhubs-checkpointstore-blob,GOOD,YES,succeeded,https://dev.azure.com/azure-sdk/590cfd2a-581c-4dcb-a12e-6568ce786175/_build/results?buildId=5309480,20250908.1,succeeded,https://dev.azure.com/azure-sdk/590cfd2a-581c-4dcb-a12e-6568ce786175/_build/results?buildId=5307081,20250908.1,5,0,6,https://github.com/Azure/azure-sdk-for-js/issues?q=is%3Aopen+is%3Aissue+label%3Acustomer-reported+label%3AClient+-label%3Aissue-addressed+-label%3Abug+-label%3Aneeds-author-feedback+-label%3Afeature-request+label%3A%22Event+Hubs%22+created%3A%3C2025-08-10,https://github.com/Azure/azure-sdk-for-js/issues?q=is%3Aopen+is%3Aissue+label%3Acustomer-reported+label%3AClient+-label%3Aissue-addressed+-label%3Aquestion+-label%3Aneeds-author-feedback+-label%3Afeature-request+label%3A%22Event+Hubs%22+created%3A%3C2025-08-10,https://github.com/Azure/azure-sdk-for-js/issues?q=is%3Aopen+is%3Aissue+label%3Acustomer-reported+label%3AClient+label%3A%22Event%20Hubs%22
eventhub,@azure/event-hubs,GOOD,YES,succeeded,https://dev.azure.com/azure-sdk/590cfd2a-581c-4dcb-a12e-6568ce786175/_build/results?buildId=5309480,20250908.1,failed,https://dev.azure.com/azure-sdk/590cfd2a-581c-4dcb-a12e-6568ce786175/_build/results?buildId=5307062,20250908.1,5,0,6,https://github.com/Azure/azure-sdk-for-js/issues?q=is%3Aopen+is%3Aissue+label%3Acustomer-reported+label%3AClient+-label%3Aissue-addressed+-label%3Abug+-label%3Aneeds-author-feedback+-label%3Afeature-request+label%3A%22Event+Hubs%22+created%3A%3C2025-08-10,https://github.com/Azure/azure-sdk-for-js/issues?q=is%3Aopen+is%3Aissue+label%3Acustomer-reported+label%3AClient+-label%3Aissue-addressed+-label%3Aquestion+-label%3Aneeds-author-feedback+-label%3Afeature-request+label%3A%22Event+Hubs%22+created%3A%3C2025-08-10,https://github.com/Azure/azure-sdk-for-js/issues?q=is%3Aopen+is%3Aissue+label%3Acustomer-reported+label%3AClient+label%3A%22Event%20Hubs%22
eventgrid,@azure/eventgrid-systemevents,GOOD,YES,succeeded,https://dev.azure.com/azure-sdk/590cfd2a-581c-4dcb-a12e-6568ce786175/_build/results?buildId=5309400,20250908.1,succeeded,https://dev.azure.com/azure-sdk/590cfd2a-581c-4dcb-a12e-6568ce786175/_build/results?buildId=5308909,20250908.1,2,0,2,https://github.com/Azure/azure-sdk-for-js/issues?q=is%3Aopen+is%3Aissue+label%3Acustomer-reported+label%3AClient+-label%3Aissue-addressed+-label%3Abug+-label%3Aneeds-author-feedback+-label%3Afeature-request+label%3A%22Event+Grid%22+created%3A%3C2025-08-10,https://github.com/Azure/azure-sdk-for-js/issues?q=is%3Aopen+is%3Aissue+label%3Acustomer-reported+label%3AClient+-label%3Aissue-addressed+-label%3Aquestion+-label%3Aneeds-author-feedback+-label%3Afeature-request+label%3A%22Event+Grid%22+created%3A%3C2025-08-10,https://github.com/Azure/azure-sdk-for-js/issues?q=is%3Aopen+is%3Aissue+label%3Acustomer-reported+label%3AClient+label%3A%22Event%20Grid%22
eventgrid,@azure/eventgrid-namespaces,GOOD,YES,succeeded,https://dev.azure.com/azure-sdk/590cfd2a-581c-4dcb-a12e-6568ce786175/_build/results?buildId=5309400,20250908.1,succeeded,https://dev.azure.com/azure-sdk/590cfd2a-581c-4dcb-a12e-6568ce786175/_build/results?buildId=5310431,20250908.1,2,0,2,https://github.com/Azure/azure-sdk-for-js/issues?q=is%3Aopen+is%3Aissue+label%3Acustomer-reported+label%3AClient+-label%3Aissue-addressed+-label%3Abug+-label%3Aneeds-author-feedback+-label%3Afeature-request+label%3A%22Event+Grid%22+created%3A%3C2025-08-10,https://github.com/Azure/azure-sdk-for-js/issues?q=is%3Aopen+is%3Aissue+label%3Acustomer-reported+label%3AClient+-label%3Aissue-addressed+-label%3Aquestion+-label%3Aneeds-author-feedback+-label%3Afeature-request+label%3A%22Event+Grid%22+created%3A%3C2025-08-10,https://github.com/Azure/azure-sdk-for-js/issues?q=is%3Aopen+is%3Aissue+label%3Acustomer-reported+label%3AClient+label%3A%22Event%20Grid%22
eventgrid,@azure/eventgrid,GOOD,YES,succeeded,https://dev.azure.com/azure-sdk/590cfd2a-581c-4dcb-a12e-6568ce786175/_build/results?buildId=5309400,20250908.1,succeeded,https://dev.azure.com/azure-sdk/590cfd2a-581c-4dcb-a12e-6568ce786175/_build/results?buildId=5307004,20250908.1,2,0,2,https://github.com/Azure/azure-sdk-for-js/issues?q=is%3Aopen+is%3Aissue+label%3Acustomer-reported+label%3AClient+-label%3Aissue-addressed+-label%3Abug+-label%3Aneeds-author-feedback+-label%3Afeature-request+label%3A%22Event+Grid%22+created%3A%3C2025-08-10,https://github.com/Azure/azure-sdk-for-js/issues?q=is%3Aopen+is%3Aissue+label%3Acustomer-reported+label%3AClient+-label%3Aissue-addressed+-label%3Aquestion+-label%3Aneeds-author-feedback+-label%3Afeature-request+label%3A%22Event+Grid%22+created%3A%3C2025-08-10,https://github.com/Azure/azure-sdk-for-js/issues?q=is%3Aopen+is%3Aissue+label%3Acustomer-reported+label%3AClient+label%3A%22Event%20Grid%22
entra,@azure/functions-authentication-events,GOOD,NO,succeeded,https://dev.azure.com/azure-sdk/590cfd2a-581c-4dcb-a12e-6568ce786175/_build/results?buildId=5279140,20250829.1,UNKNOWN,,,0,0,0,,,
easm,@azure-rest/defender-easm,GOOD,NO,succeeded,https://dev.azure.com/azure-sdk/590cfd2a-581c-4dcb-a12e-6568ce786175/_build/results?buildId=5307573,20250908.1,UNKNOWN,,,0,0,0,,,
documenttranslator,@azure-rest/ai-document-translator,GOOD,NO,succeeded,https://dev.azure.com/azure-sdk/590cfd2a-581c-4dcb-a12e-6568ce786175/_build/results?buildId=5309852,20250908.1,UNKNOWN,,,0,0,0,,,
documentintelligence,@azure-rest/ai-document-intelligence,GOOD,NO,succeeded,https://dev.azure.com/azure-sdk/590cfd2a-581c-4dcb-a12e-6568ce786175/_build/results?buildId=5311626,20250909.1,failed,https://dev.azure.com/azure-sdk/590cfd2a-581c-4dcb-a12e-6568ce786175/_build/results?buildId=5307211,20250908.1,0,0,0,,,
digitaltwins,@azure/digital-twins-core,GOOD,NO,succeeded,https://dev.azure.com/azure-sdk/590cfd2a-581c-4dcb-a12e-6568ce786175/_build/results?buildId=5308886,20250908.1,succeeded,https://dev.azure.com/azure-sdk/590cfd2a-581c-4dcb-a12e-6568ce786175/_build/results?buildId=5306712,20250908.1,0,0,0,,,
deviceupdate,@azure-rest/iot-device-update,GOOD,NO,succeeded,https://dev.azure.com/azure-sdk/590cfd2a-581c-4dcb-a12e-6568ce786175/_build/results?buildId=5307570,20250908.1,UNKNOWN,,,0,0,0,,,
devcenter,@azure-rest/developer-devcenter,GOOD,NO,succeeded,https://dev.azure.com/azure-sdk/590cfd2a-581c-4dcb-a12e-6568ce786175/_build/results?buildId=5310943,20250908.1,UNKNOWN,,,0,0,0,,,
cosmosdb,@azure/cosmos,GOOD,NO,succeeded,https://dev.azure.com/azure-sdk/590cfd2a-581c-4dcb-a12e-6568ce786175/_build/results?buildId=5279563,20250829.1,UNKNOWN,,,7,1,10,https://github.com/Azure/azure-sdk-for-js/issues?q=is%3Aopen+is%3Aissue+label%3Acustomer-reported+label%3AClient+-label%3Aissue-addressed+-label%3Abug+-label%3Aneeds-author-feedback+-label%3Afeature-request+label%3A%22Cosmos%22+created%3A%3C2025-08-10,https://github.com/Azure/azure-sdk-for-js/issues?q=is%3Aopen+is%3Aissue+label%3Acustomer-reported+label%3AClient+-label%3Aissue-addressed+-label%3Aquestion+-label%3Aneeds-author-feedback+-label%3Afeature-request+label%3A%22Cosmos%22+created%3A%3C2025-08-10,https://github.com/Azure/azure-sdk-for-js/issues?q=is%3Aopen+is%3Aissue+label%3Acustomer-reported+label%3AClient+label%3A%22Cosmos%22
core,@typespec/ts-http-runtime,GOOD,YES,succeeded,https://dev.azure.com/azure-sdk/590cfd2a-581c-4dcb-a12e-6568ce786175/_build/results?buildId=5308139,20250908.2,UNKNOWN,,,9,0,11,https://github.com/Azure/azure-sdk-for-js/issues?q=is%3Aopen+is%3Aissue+label%3Acustomer-reported+label%3AClient+-label%3Aissue-addressed+-label%3Abug+-label%3Aneeds-author-feedback+-label%3Afeature-request+label%3A%22Azure.Core%22+created%3A%3C2025-08-10,https://github.com/Azure/azure-sdk-for-js/issues?q=is%3Aopen+is%3Aissue+label%3Acustomer-reported+label%3AClient+-label%3Aissue-addressed+-label%3Aquestion+-label%3Aneeds-author-feedback+-label%3Afeature-request+label%3A%22Azure.Core%22+created%3A%3C2025-08-10,https://github.com/Azure/azure-sdk-for-js/issues?q=is%3Aopen+is%3Aissue+label%3Acustomer-reported+label%3AClient+label%3A%22Azure.Core%22
core,@azure/logger,GOOD,YES,succeeded,https://dev.azure.com/azure-sdk/590cfd2a-581c-4dcb-a12e-6568ce786175/_build/results?buildId=5308139,20250908.2,UNKNOWN,,,9,0,11,https://github.com/Azure/azure-sdk-for-js/issues?q=is%3Aopen+is%3Aissue+label%3Acustomer-reported+label%3AClient+-label%3Aissue-addressed+-label%3Abug+-label%3Aneeds-author-feedback+-label%3Afeature-request+label%3A%22Azure.Core%22+created%3A%3C2025-08-10,https://github.com/Azure/azure-sdk-for-js/issues?q=is%3Aopen+is%3Aissue+label%3Acustomer-reported+label%3AClient+-label%3Aissue-addressed+-label%3Aquestion+-label%3Aneeds-author-feedback+-label%3Afeature-request+label%3A%22Azure.Core%22+created%3A%3C2025-08-10,https://github.com/Azure/azure-sdk-for-js/issues?q=is%3Aopen+is%3Aissue+label%3Acustomer-reported+label%3AClient+label%3A%22Azure.Core%22
core,@azure/core-xml,GOOD,YES,succeeded,https://dev.azure.com/azure-sdk/590cfd2a-581c-4dcb-a12e-6568ce786175/_build/results?buildId=5308139,20250908.2,UNKNOWN,,,9,0,11,https://github.com/Azure/azure-sdk-for-js/issues?q=is%3Aopen+is%3Aissue+label%3Acustomer-reported+label%3AClient+-label%3Aissue-addressed+-label%3Abug+-label%3Aneeds-author-feedback+-label%3Afeature-request+label%3A%22Azure.Core%22+created%3A%3C2025-08-10,https://github.com/Azure/azure-sdk-for-js/issues?q=is%3Aopen+is%3Aissue+label%3Acustomer-reported+label%3AClient+-label%3Aissue-addressed+-label%3Aquestion+-label%3Aneeds-author-feedback+-label%3Afeature-request+label%3A%22Azure.Core%22+created%3A%3C2025-08-10,https://github.com/Azure/azure-sdk-for-js/issues?q=is%3Aopen+is%3Aissue+label%3Acustomer-reported+label%3AClient+label%3A%22Azure.Core%22
core,@azure/core-util,GOOD,YES,succeeded,https://dev.azure.com/azure-sdk/590cfd2a-581c-4dcb-a12e-6568ce786175/_build/results?buildId=5308139,20250908.2,UNKNOWN,,,9,0,11,https://github.com/Azure/azure-sdk-for-js/issues?q=is%3Aopen+is%3Aissue+label%3Acustomer-reported+label%3AClient+-label%3Aissue-addressed+-label%3Abug+-label%3Aneeds-author-feedback+-label%3Afeature-request+label%3A%22Azure.Core%22+created%3A%3C2025-08-10,https://github.com/Azure/azure-sdk-for-js/issues?q=is%3Aopen+is%3Aissue+label%3Acustomer-reported+label%3AClient+-label%3Aissue-addressed+-label%3Aquestion+-label%3Aneeds-author-feedback+-label%3Afeature-request+label%3A%22Azure.Core%22+created%3A%3C2025-08-10,https://github.com/Azure/azure-sdk-for-js/issues?q=is%3Aopen+is%3Aissue+label%3Acustomer-reported+label%3AClient+label%3A%22Azure.Core%22
core,@azure/core-tracing,GOOD,YES,succeeded,https://dev.azure.com/azure-sdk/590cfd2a-581c-4dcb-a12e-6568ce786175/_build/results?buildId=5308139,20250908.2,UNKNOWN,,,9,0,11,https://github.com/Azure/azure-sdk-for-js/issues?q=is%3Aopen+is%3Aissue+label%3Acustomer-reported+label%3AClient+-label%3Aissue-addressed+-label%3Abug+-label%3Aneeds-author-feedback+-label%3Afeature-request+label%3A%22Azure.Core%22+created%3A%3C2025-08-10,https://github.com/Azure/azure-sdk-for-js/issues?q=is%3Aopen+is%3Aissue+label%3Acustomer-reported+label%3AClient+-label%3Aissue-addressed+-label%3Aquestion+-label%3Aneeds-author-feedback+-label%3Afeature-request+label%3A%22Azure.Core%22+created%3A%3C2025-08-10,https://github.com/Azure/azure-sdk-for-js/issues?q=is%3Aopen+is%3Aissue+label%3Acustomer-reported+label%3AClient+label%3A%22Azure.Core%22
core,@azure/core-sse,GOOD,YES,succeeded,https://dev.azure.com/azure-sdk/590cfd2a-581c-4dcb-a12e-6568ce786175/_build/results?buildId=5308139,20250908.2,UNKNOWN,,,9,0,11,https://github.com/Azure/azure-sdk-for-js/issues?q=is%3Aopen+is%3Aissue+label%3Acustomer-reported+label%3AClient+-label%3Aissue-addressed+-label%3Abug+-label%3Aneeds-author-feedback+-label%3Afeature-request+label%3A%22Azure.Core%22+created%3A%3C2025-08-10,https://github.com/Azure/azure-sdk-for-js/issues?q=is%3Aopen+is%3Aissue+label%3Acustomer-reported+label%3AClient+-label%3Aissue-addressed+-label%3Aquestion+-label%3Aneeds-author-feedback+-label%3Afeature-request+label%3A%22Azure.Core%22+created%3A%3C2025-08-10,https://github.com/Azure/azure-sdk-for-js/issues?q=is%3Aopen+is%3Aissue+label%3Acustomer-reported+label%3AClient+label%3A%22Azure.Core%22
core,@azure/core-rest-pipeline,GOOD,YES,succeeded,https://dev.azure.com/azure-sdk/590cfd2a-581c-4dcb-a12e-6568ce786175/_build/results?buildId=5308139,20250908.2,UNKNOWN,,,9,0,11,https://github.com/Azure/azure-sdk-for-js/issues?q=is%3Aopen+is%3Aissue+label%3Acustomer-reported+label%3AClient+-label%3Aissue-addressed+-label%3Abug+-label%3Aneeds-author-feedback+-label%3Afeature-request+label%3A%22Azure.Core%22+created%3A%3C2025-08-10,https://github.com/Azure/azure-sdk-for-js/issues?q=is%3Aopen+is%3Aissue+label%3Acustomer-reported+label%3AClient+-label%3Aissue-addressed+-label%3Aquestion+-label%3Aneeds-author-feedback+-label%3Afeature-request+label%3A%22Azure.Core%22+created%3A%3C2025-08-10,https://github.com/Azure/azure-sdk-for-js/issues?q=is%3Aopen+is%3Aissue+label%3Acustomer-reported+label%3AClient+label%3A%22Azure.Core%22
core,@azure/core-paging,GOOD,YES,succeeded,https://dev.azure.com/azure-sdk/590cfd2a-581c-4dcb-a12e-6568ce786175/_build/results?buildId=5308139,20250908.2,UNKNOWN,,,9,0,11,https://github.com/Azure/azure-sdk-for-js/issues?q=is%3Aopen+is%3Aissue+label%3Acustomer-reported+label%3AClient+-label%3Aissue-addressed+-label%3Abug+-label%3Aneeds-author-feedback+-label%3Afeature-request+label%3A%22Azure.Core%22+created%3A%3C2025-08-10,https://github.com/Azure/azure-sdk-for-js/issues?q=is%3Aopen+is%3Aissue+label%3Acustomer-reported+label%3AClient+-label%3Aissue-addressed+-label%3Aquestion+-label%3Aneeds-author-feedback+-label%3Afeature-request+label%3A%22Azure.Core%22+created%3A%3C2025-08-10,https://github.com/Azure/azure-sdk-for-js/issues?q=is%3Aopen+is%3Aissue+label%3Acustomer-reported+label%3AClient+label%3A%22Azure.Core%22
core,@azure/core-lro,GOOD,YES,succeeded,https://dev.azure.com/azure-sdk/590cfd2a-581c-4dcb-a12e-6568ce786175/_build/results?buildId=5308139,20250908.2,UNKNOWN,,,9,0,11,https://github.com/Azure/azure-sdk-for-js/issues?q=is%3Aopen+is%3Aissue+label%3Acustomer-reported+label%3AClient+-label%3Aissue-addressed+-label%3Abug+-label%3Aneeds-author-feedback+-label%3Afeature-request+label%3A%22Azure.Core%22+created%3A%3C2025-08-10,https://github.com/Azure/azure-sdk-for-js/issues?q=is%3Aopen+is%3Aissue+label%3Acustomer-reported+label%3AClient+-label%3Aissue-addressed+-label%3Aquestion+-label%3Aneeds-author-feedback+-label%3Afeature-request+label%3A%22Azure.Core%22+created%3A%3C2025-08-10,https://github.com/Azure/azure-sdk-for-js/issues?q=is%3Aopen+is%3Aissue+label%3Acustomer-reported+label%3AClient+label%3A%22Azure.Core%22
core,@azure/core-http-compat,GOOD,YES,succeeded,https://dev.azure.com/azure-sdk/590cfd2a-581c-4dcb-a12e-6568ce786175/_build/results?buildId=5308139,20250908.2,UNKNOWN,,,9,0,11,https://github.com/Azure/azure-sdk-for-js/issues?q=is%3Aopen+is%3Aissue+label%3Acustomer-reported+label%3AClient+-label%3Aissue-addressed+-label%3Abug+-label%3Aneeds-author-feedback+-label%3Afeature-request+label%3A%22Azure.Core%22+created%3A%3C2025-08-10,https://github.com/Azure/azure-sdk-for-js/issues?q=is%3Aopen+is%3Aissue+label%3Acustomer-reported+label%3AClient+-label%3Aissue-addressed+-label%3Aquestion+-label%3Aneeds-author-feedback+-label%3Afeature-request+label%3A%22Azure.Core%22+created%3A%3C2025-08-10,https://github.com/Azure/azure-sdk-for-js/issues?q=is%3Aopen+is%3Aissue+label%3Acustomer-reported+label%3AClient+label%3A%22Azure.Core%22
core,@azure-rest/core-client,GOOD,YES,succeeded,https://dev.azure.com/azure-sdk/590cfd2a-581c-4dcb-a12e-6568ce786175/_build/results?buildId=5308139,20250908.2,UNKNOWN,,,9,0,11,https://github.com/Azure/azure-sdk-for-js/issues?q=is%3Aopen+is%3Aissue+label%3Acustomer-reported+label%3AClient+-label%3Aissue-addressed+-label%3Abug+-label%3Aneeds-author-feedback+-label%3Afeature-request+label%3A%22Azure.Core%22+created%3A%3C2025-08-10,https://github.com/Azure/azure-sdk-for-js/issues?q=is%3Aopen+is%3Aissue+label%3Acustomer-reported+label%3AClient+-label%3Aissue-addressed+-label%3Aquestion+-label%3Aneeds-author-feedback+-label%3Afeature-request+label%3A%22Azure.Core%22+created%3A%3C2025-08-10,https://github.com/Azure/azure-sdk-for-js/issues?q=is%3Aopen+is%3Aissue+label%3Acustomer-reported+label%3AClient+label%3A%22Azure.Core%22
core,@azure/core-client,GOOD,YES,succeeded,https://dev.azure.com/azure-sdk/590cfd2a-581c-4dcb-a12e-6568ce786175/_build/results?buildId=5308139,20250908.2,UNKNOWN,,,9,0,11,https://github.com/Azure/azure-sdk-for-js/issues?q=is%3Aopen+is%3Aissue+label%3Acustomer-reported+label%3AClient+-label%3Aissue-addressed+-label%3Abug+-label%3Aneeds-author-feedback+-label%3Afeature-request+label%3A%22Azure.Core%22+created%3A%3C2025-08-10,https://github.com/Azure/azure-sdk-for-js/issues?q=is%3Aopen+is%3Aissue+label%3Acustomer-reported+label%3AClient+-label%3Aissue-addressed+-label%3Aquestion+-label%3Aneeds-author-feedback+-label%3Afeature-request+label%3A%22Azure.Core%22+created%3A%3C2025-08-10,https://github.com/Azure/azure-sdk-for-js/issues?q=is%3Aopen+is%3Aissue+label%3Acustomer-reported+label%3AClient+label%3A%22Azure.Core%22
core,@azure/core-auth,GOOD,YES,succeeded,https://dev.azure.com/azure-sdk/590cfd2a-581c-4dcb-a12e-6568ce786175/_build/results?buildId=5308139,20250908.2,UNKNOWN,,,9,0,11,https://github.com/Azure/azure-sdk-for-js/issues?q=is%3Aopen+is%3Aissue+label%3Acustomer-reported+label%3AClient+-label%3Aissue-addressed+-label%3Abug+-label%3Aneeds-author-feedback+-label%3Afeature-request+label%3A%22Azure.Core%22+created%3A%3C2025-08-10,https://github.com/Azure/azure-sdk-for-js/issues?q=is%3Aopen+is%3Aissue+label%3Acustomer-reported+label%3AClient+-label%3Aissue-addressed+-label%3Aquestion+-label%3Aneeds-author-feedback+-label%3Afeature-request+label%3A%22Azure.Core%22+created%3A%3C2025-08-10,https://github.com/Azure/azure-sdk-for-js/issues?q=is%3Aopen+is%3Aissue+label%3Acustomer-reported+label%3AClient+label%3A%22Azure.Core%22
core,@azure/core-amqp,GOOD,YES,succeeded,https://dev.azure.com/azure-sdk/590cfd2a-581c-4dcb-a12e-6568ce786175/_build/results?buildId=5308139,20250908.2,UNKNOWN,,,9,0,11,https://github.com/Azure/azure-sdk-for-js/issues?q=is%3Aopen+is%3Aissue+label%3Acustomer-reported+label%3AClient+-label%3Aissue-addressed+-label%3Abug+-label%3Aneeds-author-feedback+-label%3Afeature-request+label%3A%22Azure.Core%22+created%3A%3C2025-08-10,https://github.com/Azure/azure-sdk-for-js/issues?q=is%3Aopen+is%3Aissue+label%3Acustomer-reported+label%3AClient+-label%3Aissue-addressed+-label%3Aquestion+-label%3Aneeds-author-feedback+-label%3Afeature-request+label%3A%22Azure.Core%22+created%3A%3C2025-08-10,https://github.com/Azure/azure-sdk-for-js/issues?q=is%3Aopen+is%3Aissue+label%3Acustomer-reported+label%3AClient+label%3A%22Azure.Core%22
core,@azure/abort-controller,GOOD,YES,succeeded,https://dev.azure.com/azure-sdk/590cfd2a-581c-4dcb-a12e-6568ce786175/_build/results?buildId=5308139,20250908.2,UNKNOWN,,,9,0,11,https://github.com/Azure/azure-sdk-for-js/issues?q=is%3Aopen+is%3Aissue+label%3Acustomer-reported+label%3AClient+-label%3Aissue-addressed+-label%3Abug+-label%3Aneeds-author-feedback+-label%3Afeature-request+label%3A%22Azure.Core%22+created%3A%3C2025-08-10,https://github.com/Azure/azure-sdk-for-js/issues?q=is%3Aopen+is%3Aissue+label%3Acustomer-reported+label%3AClient+-label%3Aissue-addressed+-label%3Aquestion+-label%3Aneeds-author-feedback+-label%3Afeature-request+label%3A%22Azure.Core%22+created%3A%3C2025-08-10,https://github.com/Azure/azure-sdk-for-js/issues?q=is%3Aopen+is%3Aissue+label%3Acustomer-reported+label%3AClient+label%3A%22Azure.Core%22
contentsafety,@azure-rest/ai-content-safety,GOOD,NO,succeeded,https://dev.azure.com/azure-sdk/590cfd2a-581c-4dcb-a12e-6568ce786175/_build/results?buildId=5310492,20250908.1,UNKNOWN,,,0,0,0,,,
containerregistry,@azure/container-registry,GOOD,YES,succeeded,https://dev.azure.com/azure-sdk/590cfd2a-581c-4dcb-a12e-6568ce786175/_build/results?buildId=5310014,20250908.1,failed,https://dev.azure.com/azure-sdk/590cfd2a-581c-4dcb-a12e-6568ce786175/_build/results?buildId=5307198,20250908.1,0,0,1,,,https://github.com/Azure/azure-sdk-for-js/issues?q=is%3Aopen+is%3Aissue+label%3Acustomer-reported+label%3AClient+label%3A%22Container%20Registry%22
confidentialledger,@azure-rest/confidential-ledger,GOOD,NO,succeeded,https://dev.azure.com/azure-sdk/590cfd2a-581c-4dcb-a12e-6568ce786175/_build/results?buildId=5307106,20250908.1,UNKNOWN,,,0,0,0,,,
communication,@azure/communication-sms,GOOD,NO,succeeded,https://dev.azure.com/azure-sdk/590cfd2a-581c-4dcb-a12e-6568ce786175/_build/results?buildId=5307270,20250908.1,succeeded,https://dev.azure.com/azure-sdk/590cfd2a-581c-4dcb-a12e-6568ce786175/_build/results?buildId=5308001,20250908.1,0,0,0,,,
communication,@azure/communication-rooms,GOOD,NO,succeeded,https://dev.azure.com/azure-sdk/590cfd2a-581c-4dcb-a12e-6568ce786175/_build/results?buildId=5307270,20250908.1,succeeded,https://dev.azure.com/azure-sdk/590cfd2a-581c-4dcb-a12e-6568ce786175/_build/results?buildId=5308950,20250908.1,1,0,1,https://github.com/Azure/azure-sdk-for-js/issues?q=is%3Aopen+is%3Aissue+label%3Acustomer-reported+label%3AClient+-label%3Aissue-addressed+-label%3Abug+-label%3Aneeds-author-feedback+-label%3Afeature-request+label%3A%22Communication+- Rooms%22+created%3A%3C2025-08-10,https://github.com/Azure/azure-sdk-for-js/issues?q=is%3Aopen+is%3Aissue+label%3Acustomer-reported+label%3AClient+-label%3Aissue-addressed+-label%3Aquestion+-label%3Aneeds-author-feedback+-label%3Afeature-request+label%3A%22Communication+- Rooms%22+created%3A%3C2025-08-10,https://github.com/Azure/azure-sdk-for-js/issues?q=is%3Aopen+is%3Aissue+label%3Acustomer-reported+label%3AClient+label%3A%22Communication%20- Rooms%22
communication,@azure/communication-phone-numbers,GOOD,NO,succeeded,https://dev.azure.com/azure-sdk/590cfd2a-581c-4dcb-a12e-6568ce786175/_build/results?buildId=5307270,20250908.1,failed,https://dev.azure.com/azure-sdk/590cfd2a-581c-4dcb-a12e-6568ce786175/_build/results?buildId=5307705,20250908.1,0,0,0,,,
communication,@azure-rest/communication-messages,GOOD,NO,succeeded,https://dev.azure.com/azure-sdk/590cfd2a-581c-4dcb-a12e-6568ce786175/_build/results?buildId=5307270,20250908.1,failed,https://dev.azure.com/azure-sdk/590cfd2a-581c-4dcb-a12e-6568ce786175/_build/results?buildId=5307137,20250908.1,0,0,0,,,
communication,@azure-rest/communication-job-router,GOOD,NO,succeeded,https://dev.azure.com/azure-sdk/590cfd2a-581c-4dcb-a12e-6568ce786175/_build/results?buildId=5307270,20250908.1,UNKNOWN,,,0,0,0,,,
communication,@azure/communication-identity,GOOD,NO,succeeded,https://dev.azure.com/azure-sdk/590cfd2a-581c-4dcb-a12e-6568ce786175/_build/results?buildId=5307270,20250908.1,succeeded,https://dev.azure.com/azure-sdk/590cfd2a-581c-4dcb-a12e-6568ce786175/_build/results?buildId=5311617,20250909.1,0,0,0,,,
communication,@azure/communication-email,GOOD,NO,succeeded,https://dev.azure.com/azure-sdk/590cfd2a-581c-4dcb-a12e-6568ce786175/_build/results?buildId=5307270,20250908.1,succeeded,https://dev.azure.com/azure-sdk/590cfd2a-581c-4dcb-a12e-6568ce786175/_build/results?buildId=5310244,20250908.1,3,0,3,https://github.com/Azure/azure-sdk-for-js/issues?q=is%3Aopen+is%3Aissue+label%3Acustomer-reported+label%3AClient+-label%3Aissue-addressed+-label%3Abug+-label%3Aneeds-author-feedback+-label%3Afeature-request+label%3A%22Communication+- Email%22+created%3A%3C2025-08-10,https://github.com/Azure/azure-sdk-for-js/issues?q=is%3Aopen+is%3Aissue+label%3Acustomer-reported+label%3AClient+-label%3Aissue-addressed+-label%3Aquestion+-label%3Aneeds-author-feedback+-label%3Afeature-request+label%3A%22Communication+- Email%22+created%3A%3C2025-08-10,https://github.com/Azure/azure-sdk-for-js/issues?q=is%3Aopen+is%3Aissue+label%3Acustomer-reported+label%3AClient+label%3A%22Communication%20- Email%22
communication,@azure/communication-common,GOOD,NO,succeeded,https://dev.azure.com/azure-sdk/590cfd2a-581c-4dcb-a12e-6568ce786175/_build/results?buildId=5307270,20250908.1,succeeded,https://dev.azure.com/azure-sdk/590cfd2a-581c-4dcb-a12e-6568ce786175/_build/results?buildId=5307563,20250908.1,0,0,0,,,
communication,@azure/communication-chat,GOOD,NO,succeeded,https://dev.azure.com/azure-sdk/590cfd2a-581c-4dcb-a12e-6568ce786175/_build/results?buildId=5307270,20250908.1,succeeded,https://dev.azure.com/azure-sdk/590cfd2a-581c-4dcb-a12e-6568ce786175/_build/results?buildId=5308276,20250908.1,0,0,0,,,
communication,@azure/communication-call-automation,GOOD,NO,succeeded,https://dev.azure.com/azure-sdk/590cfd2a-581c-4dcb-a12e-6568ce786175/_build/results?buildId=5307270,20250908.1,failed,https://dev.azure.com/azure-sdk/590cfd2a-581c-4dcb-a12e-6568ce786175/_build/results?buildId=5309777,20250908.1,1,0,2,https://github.com/Azure/azure-sdk-for-js/issues?q=is%3Aopen+is%3Aissue+label%3Acustomer-reported+label%3AClient+-label%3Aissue-addressed+-label%3Abug+-label%3Aneeds-author-feedback+-label%3Afeature-request+label%3A%22Communication+- Call Automation%22+created%3A%3C2025-08-10,https://github.com/Azure/azure-sdk-for-js/issues?q=is%3Aopen+is%3Aissue+label%3Acustomer-reported+label%3AClient+-label%3Aissue-addressed+-label%3Aquestion+-label%3Aneeds-author-feedback+-label%3Afeature-request+label%3A%22Communication+- Call Automation%22+created%3A%3C2025-08-10,https://github.com/Azure/azure-sdk-for-js/issues?q=is%3Aopen+is%3Aissue+label%3Acustomer-reported+label%3AClient+label%3A%22Communication%20- Call Automation%22
cognitivelanguage,@azure/ai-language-text,GOOD,NO,succeeded,https://dev.azure.com/azure-sdk/590cfd2a-581c-4dcb-a12e-6568ce786175/_build/results?buildId=5310625,20250908.1,failed,https://dev.azure.com/azure-sdk/590cfd2a-581c-4dcb-a12e-6568ce786175/_build/results?buildId=5310675,20250908.1,0,0,0,,,
cognitivelanguage,@azure/ai-language-conversations,GOOD,NO,succeeded,https://dev.azure.com/azure-sdk/590cfd2a-581c-4dcb-a12e-6568ce786175/_build/results?buildId=5310625,20250908.1,succeeded,https://dev.azure.com/azure-sdk/590cfd2a-581c-4dcb-a12e-6568ce786175/_build/results?buildId=5306947,20250908.1,0,0,0,,,
batch,@azure-rest/batch,GOOD,NO,succeeded,https://dev.azure.com/azure-sdk/590cfd2a-581c-4dcb-a12e-6568ce786175/_build/results?buildId=5310007,20250908.1,UNKNOWN,,,0,0,0,,,
batch,@azure/batch,GOOD,NO,succeeded,https://dev.azure.com/azure-sdk/590cfd2a-581c-4dcb-a12e-6568ce786175/_build/results?buildId=5310007,20250908.1,UNKNOWN,,,0,0,0,,,
attestation,@azure/attestation,GOOD,NO,succeeded,https://dev.azure.com/azure-sdk/590cfd2a-581c-4dcb-a12e-6568ce786175/_build/results?buildId=5306591,20250908.1,succeeded,https://dev.azure.com/azure-sdk/590cfd2a-581c-4dcb-a12e-6568ce786175/_build/results?buildId=5306764,20250908.1,1,0,1,https://github.com/Azure/azure-sdk-for-js/issues?q=is%3Aopen+is%3Aissue+label%3Acustomer-reported+label%3AClient+-label%3Aissue-addressed+-label%3Abug+-label%3Aneeds-author-feedback+-label%3Afeature-request+label%3A%22Attestation%22+created%3A%3C2025-08-10,https://github.com/Azure/azure-sdk-for-js/issues?q=is%3Aopen+is%3Aissue+label%3Acustomer-reported+label%3AClient+-label%3Aissue-addressed+-label%3Aquestion+-label%3Aneeds-author-feedback+-label%3Afeature-request+label%3A%22Attestation%22+created%3A%3C2025-08-10,https://github.com/Azure/azure-sdk-for-js/issues?q=is%3Aopen+is%3Aissue+label%3Acustomer-reported+label%3AClient+label%3A%22Attestation%22
appconfiguration,@azure/app-configuration,GOOD,YES,succeeded,https://dev.azure.com/azure-sdk/590cfd2a-581c-4dcb-a12e-6568ce786175/_build/results?buildId=5310013,20250908.1,failed,https://dev.azure.com/azure-sdk/590cfd2a-581c-4dcb-a12e-6568ce786175/_build/results?buildId=5310067,20250908.1,2,1,3,https://github.com/Azure/azure-sdk-for-js/issues?q=is%3Aopen+is%3Aissue+label%3Acustomer-reported+label%3AClient+-label%3Aissue-addressed+-label%3Abug+-label%3Aneeds-author-feedback+-label%3Afeature-request+label%3A%22App+Configuration%22+created%3A%3C2025-08-10,https://github.com/Azure/azure-sdk-for-js/issues?q=is%3Aopen+is%3Aissue+label%3Acustomer-reported+label%3AClient+-label%3Aissue-addressed+-label%3Aquestion+-label%3Aneeds-author-feedback+-label%3Afeature-request+label%3A%22App+Configuration%22+created%3A%3C2025-08-10,https://github.com/Azure/azure-sdk-for-js/issues?q=is%3Aopen+is%3Aissue+label%3Acustomer-reported+label%3AClient+label%3A%22App%20Configuration%22
apimanagement,@azure/api-management-custom-widgets-tools,GOOD,NO,succeeded,https://dev.azure.com/azure-sdk/590cfd2a-581c-4dcb-a12e-6568ce786175/_build/results?buildId=5310955,20250908.1,UNKNOWN,,,0,0,0,,,
apimanagement,@azure/api-management-custom-widgets-scaffolder,GOOD,NO,succeeded,https://dev.azure.com/azure-sdk/590cfd2a-581c-4dcb-a12e-6568ce786175/_build/results?buildId=5310955,20250908.1,UNKNOWN,,,0,0,0,,,
anomalydetector,@azure-rest/ai-anomaly-detector,GOOD,NO,succeeded,https://dev.azure.com/azure-sdk/590cfd2a-581c-4dcb-a12e-6568ce786175/_build/results?buildId=5307859,20250908.1,UNKNOWN,,,0,0,0,,,
ai,@azure/ai-projects,GOOD,NO,succeeded,https://dev.azure.com/azure-sdk/590cfd2a-581c-4dcb-a12e-6568ce786175/_build/results?buildId=5308012,20250908.1,UNKNOWN,,,0,0,0,,,
ai,@azure-rest/ai-inference,GOOD,NO,succeeded,https://dev.azure.com/azure-sdk/590cfd2a-581c-4dcb-a12e-6568ce786175/_build/results?buildId=5308012,20250908.1,UNKNOWN,,,0,0,0,,,
ai,@azure/ai-agents,GOOD,NO,succeeded,https://dev.azure.com/azure-sdk/590cfd2a-581c-4dcb-a12e-6568ce786175/_build/results?buildId=5308012,20250908.1,UNKNOWN,,,0,0,0,,,
agrifood,@azure-rest/agrifood-farming,GOOD,NO,succeeded,https://dev.azure.com/azure-sdk/590cfd2a-581c-4dcb-a12e-6568ce786175/_build/results?buildId=5307467,20250908.1,UNKNOWN,,,0,0,0,,,
